{
    "training_loss": {
        "nll": [
            2.271852970123291,
            2.270827531814575,
            2.269813060760498,
            2.2688066959381104,
            2.2678000926971436,
            2.266796588897705,
            2.265798807144165,
            2.26485013961792,
            2.263880491256714,
            2.2629010677337646,
            2.2619519233703613,
            2.2610225677490234,
            2.2600927352905273,
            2.2591490745544434,
            2.2581889629364014,
            2.257253408432007,
            2.256309747695923,
            2.255363702774048,
            2.2544445991516113,
            2.2534983158111572,
            2.2525534629821777,
            2.2515945434570312,
            2.2506301403045654,
            2.2496707439422607,
            2.248736619949341
        ],
        "rank": [
            0.0,
            0.0,
            0.0,
            0.0,
            0.0,
            0.0,
            0.0,
            0.0,
            0.0,
            0.0,
            0.0,
            0.0,
            0.0,
            0.0,
            0.0,
            0.0,
            0.0,
            0.0,
            0.0,
            0.0,
            0.0,
            0.0,
            0.0,
            0.0,
            0.0
        ],
        "longit": [
            1.835851788520813,
            1.8358045816421509,
            1.8357571363449097,
            1.8357099294662476,
            1.835663080215454,
            1.835615873336792,
            1.8355687856674194,
            1.8355215787887573,
            1.8354747295379639,
            1.8354275226593018,
            1.8353811502456665,
            1.8353344202041626,
            1.8352882862091064,
            1.8352419137954712,
            1.8351951837539673,
            1.8351486921310425,
            1.8351023197174072,
            1.8350557088851929,
            1.8350093364715576,
            1.8349632024765015,
            1.8349167108535767,
            1.8348701000213623,
            1.834823727607727,
            1.8347772359848022,
            1.8347309827804565
        ],
        "dl1": [
            0.0,
            0.0,
            0.0,
            0.0,
            0.0,
            0.0,
            0.0,
            0.0,
            0.0,
            0.0,
            0.0,
            0.0,
            0.0,
            0.0,
            0.0,
            0.0,
            0.0,
            0.0,
            0.0,
            0.0,
            0.0,
            0.0,
            0.0,
            0.0,
            0.0
        ],
        "dl2": [
            0.0,
            0.0,
            0.0,
            0.0,
            0.0,
            0.0,
            0.0,
            0.0,
            0.0,
            0.0,
            0.0,
            0.0,
            0.0,
            0.0,
            0.0,
            0.0,
            0.0,
            0.0,
            0.0,
            0.0,
            0.0,
            0.0,
            0.0,
            0.0,
            0.0
        ],
        "dl3": [
            0.0,
            0.0,
            0.0,
            0.0,
            0.0,
            0.0,
            0.0,
            0.0,
            0.0,
            0.0,
            0.0,
            0.0,
            0.0,
            0.0,
            0.0,
            0.0,
            0.0,
            0.0,
            0.0,
            0.0,
            0.0,
            0.0,
            0.0,
            0.0,
            0.0
        ]
    },
    "validation_loss": {
        "nll": [
            1.9950816631317139,
            1.9940592050552368,
            1.9930169582366943,
            1.9922207593917847,
            1.9913533926010132,
            1.9904954433441162,
            1.9895823001861572,
            1.9887771606445312,
            1.9879820346832275,
            1.9872061014175415,
            1.9863842725753784,
            1.9855366945266724,
            1.9848111867904663,
            1.9840238094329834,
            1.9832267761230469,
            1.9823980331420898,
            1.981554627418518,
            1.9807461500167847,
            1.9799730777740479,
            1.9791897535324097,
            1.9784072637557983,
            1.9776337146759033,
            1.9768257141113281,
            1.9760472774505615,
            1.9753049612045288
        ],
        "rank": [
            0.0,
            0.0,
            0.0,
            0.0,
            0.0,
            0.0,
            0.0,
            0.0,
            0.0,
            0.0,
            0.0,
            0.0,
            0.0,
            0.0,
            0.0,
            0.0,
            0.0,
            0.0,
            0.0,
            0.0,
            0.0,
            0.0,
            0.0,
            0.0,
            0.0
        ],
        "longit": [
            1.7592958211898804,
            1.7592474222183228,
            1.759198784828186,
            1.7591501474380493,
            1.7591016292572021,
            1.7590532302856445,
            1.7590045928955078,
            1.7589561939239502,
            1.758907675743103,
            1.758859395980835,
            1.758811354637146,
            1.7587636709213257,
            1.7587159872055054,
            1.7586679458618164,
            1.758620262145996,
            1.7585726976394653,
            1.7585246562957764,
            1.7584773302078247,
            1.7584294080734253,
            1.7583818435668945,
            1.7583340406417847,
            1.7582863569259644,
            1.7582387924194336,
            1.7581909894943237,
            1.758143424987793
        ],
        "dl1": [
            0.0,
            0.0,
            0.0,
            0.0,
            0.0,
            0.0,
            0.0,
            0.0,
            0.0,
            0.0,
            0.0,
            0.0,
            0.0,
            0.0,
            0.0,
            0.0,
            0.0,
            0.0,
            0.0,
            0.0,
            0.0,
            0.0,
            0.0,
            0.0,
            0.0
        ],
        "dl2": [
            0.0,
            0.0,
            0.0,
            0.0,
            0.0,
            0.0,
            0.0,
            0.0,
            0.0,
            0.0,
            0.0,
            0.0,
            0.0,
            0.0,
            0.0,
            0.0,
            0.0,
            0.0,
            0.0,
            0.0,
            0.0,
            0.0,
            0.0,
            0.0,
            0.0
        ],
        "dl3": [
            0.0,
            0.0,
            0.0,
            0.0,
            0.0,
            0.0,
            0.0,
            0.0,
            0.0,
            0.0,
            0.0,
            0.0,
            0.0,
            0.0,
            0.0,
            0.0,
            0.0,
            0.0,
            0.0,
            0.0,
            0.0,
            0.0,
            0.0,
            0.0,
            0.0
        ]
    },
    "brier_scores": {
        "death": [
            0.04491613655138345,
            0.04491613655138345,
            0.04491613655138345
        ],
        "dialysis": [
            0.4451023259891186,
            0.4451023259891186,
            0.4451023259891186
        ]
    },
    "cindex_score": {
        "death": [
            null
        ],
        "dialysis": []
    }
}